shot,start,end,dur_s,type,tool,narration,visual,camera,transition
01,0:00,0:10,10,VID,Kling/Hailuo free,There's a hole in Antarctica. Two feet wide. It drops through six hundred metres of ice into water no light has ever touched.,"Narrow dark borehole in a vast empty ice plain, snow streaming across surface","Slow continuous push-in, horizon level",HARD CUT out. Match the dark circle to shot 02.
02,0:10,0:20,10,IMG,Free image gen,"In 2020, scientists lowered a robot down that hole. They wanted to measure melting. They found out they'd been measuring the wrong thing.",Yellow robot on a cable descending into the ice shaft,Push-in + slight downward drift (Ken Burns),Hard cut
03,0:20,0:30,10,GFX,DaVinci + NASA,The glacier is called Thwaites. Researchers have another name for it. They call it the Doomsday Glacier. That is not marketing.,"Satellite Antarctica, zoom to west coast, pin drop, TITLE CARD",Slow zoom in on map,Dip to black 8 frames after title
04,0:30,0:40,10,IMG,Free image gen,"Antarctica is not land with snow on top. It is rock, buried under an ice sheet up to four kilometres thick.","Cross-section: bedrock, thick ice sheet above, ocean to one side",Very slow push-in,Hard cut
05,0:40,0:50,10,GFX,DaVinci Fusion,"Stand on that surface, and the real ground sits further below you than a passenger jet flies above you.","Vertical scale: figure on ice, bedrock far below, jet far above","Static frame, elements animate on",Hard cut
06,0:50,1:00,10,GFX,DaVinci + NASA,Thwaites itself is roughly the size of Great Britain. One glacier. Larger than most countries on Earth. And it is moving.,"Thwaites outline on satellite base, Great Britain silhouette overlaid to scale",Slow zoom out to reveal scale,Hard cut
07,1:00,1:10,10,IMG,Free image gen,"Here is what makes it dangerous. The rock beneath Thwaites sits below sea level, and it slopes downward as you travel inland.","Side cross-section: bedrock sloping down left-to-right, ice above, water right","Slow lateral truck, left to right","Hard cut. KEEP THIS PLATE - reused in 08, 24, 25."
08,1:10,1:20,10,GFX,DaVinci Fusion,That means the ocean can reach underneath it. Warm water slides in from the sea and eats the glacier from below.,Shot 07 plate + warm current arrows pushing under the ice base,"Hold frame, arrows animate in",Hard cut
09,1:20,1:30,10,STOCK,Pexels / NASA,"From above, nothing looks wrong. The surface is white, solid, still. For decades, that surface was all we could actually see.",Aerial drift over featureless white ice plain,Aerial drift (already in footage),Dip to black - end of Act 1
10,1:30,1:40,10,IMG,Free image gen,"So a British and American team flew onto the ice with a hot water drill, and started melting a hole straight down.","Remote polar field camp: drill rig, hoses, crates, tents. No people",Slow lateral drift,Hard cut
11,1:40,1:50,10,IMG,Free image gen,"It took days. The borehole had to be kept warm the whole time, or it would freeze shut and swallow the equipment.","Insulated hose descending into a hole in ice, faint steam rising",Slow push-in,Hard cut
12,1:50,2:00,10,IMG,Free image gen,"The robot is called Icefin. Three and a half metres long, thin enough to fit down a shaft barely wider than a dinner plate.","Yellow cylindrical robot in profile, dark background, engineering presentation",Slow lateral truck,Hard cut. KEEP THIS PLATE - reused in 13.
13,2:00,2:10,10,GFX,DaVinci Fusion,"It carries cameras, sonar, and sensors for temperature and salt. A cable feeds power down, and sends data back up.",Shot 12 plate + animated component callout lines and labels,"Hold, labels animate on",Hard cut
14,2:10,2:20,10,VID,Kling/Hailuo free,"Icefin reached the bottom, swam sideways into the cavity, and became the first machine to see where Thwaites meets the sea.","Robot emerges from ice shaft into vast dark water, lamps switch on","Camera follows behind, widens out",Hard cut
15,2:20,2:30,10,VID,Kling/Hailuo free,And the ceiling above it was not flat. Not smooth. Not anything the models had drawn. It was carved into shapes.,"Underside of glacier from dark water, one hard lamp raking across carved ice",Slow upward crane,"Hard cut - no transition, let the reveal land"
16,2:30,2:40,10,VID,Kling/Hailuo free,"Terraces, like a staircase. Deep vertical cracks. Sloped walls. An entire hidden landscape, hanging upside down above the water.","Terraced ice ceiling, deep fissures, sloped walls, lit from below",Tilt up + slow track along ceiling,Hard cut. HERO SHOT - also your thumbnail frame.
17,2:40,2:50,10,GFX,DaVinci Fusion,"Then the team compared melt rates across that landscape, and the result did not match the predictions. Not even close.","Split screen: flat ice plate vs crevassed plate, melt arrows on both","Static split, arrows animate",Hard cut
18,2:50,3:00,10,GFX,DaVinci Fusion,"Across the flat stretches, the ice was melting more slowly than expected. Slower. That was better news than anyone had hoped for.","Flat-ice panel alone, slow melt arrows, downward trend line",Slow push-in on panel,Hard cut
19,3:00,3:10,10,GFX,DaVinci Fusion,"But inside the cracks, and along the sloped walls, the melting was fast. In places, several times faster than the flat ice.","Crevasse panel alone, rapid melt arrows cutting into walls","Slow push-in, faster arrow animation than 18",Hard cut - the speed contrast IS the point
20,3:10,3:20,10,IMG,Free image gen,"So the glacier was not dissolving evenly, like an ice cube in a glass. It was being unpicked, along its weak points.","Two ice blocks: left smooth and rounded, right split along sharp seams",Slow reveal left to right,Dip to black - end of Act 3
21,3:20,3:30,10,GFX,DaVinci Fusion,That distinction matters far more than the raw numbers. Here is exactly why it changes every forecast we had.,"Kinetic type over darkened, slowly drifting shot-16 plate",Slow drift under text,Hard cut
22,3:30,3:40,10,GFX,DaVinci Fusion,"Ice that melts evenly shrinks. Slowly. Predictably. You can model that, and project a century ahead with some confidence.",Smooth shrinking volume with a steady confident projection curve,"Static, animation carries it",Hard cut
23,3:40,3:50,10,STOCK,Pexels / NOAA,"Ice that fails along its cracks does not shrink. It fractures. And fracturing holds, and holds, and then goes all at once.",Real glacier calving - ice face collapsing into water,As shot,Hard cut on the impact
24,3:50,4:00,10,GFX,DaVinci Fusion,"Now add the ground. The bedrock slopes inland and downward, so every retreat carries the glacier into deeper water.",Shot 07 plate + grounding line retreating down the reverse slope,"Hold, retreat animates",Hard cut
25,4:00,4:10,10,GFX,DaVinci Fusion,"Deeper water means more warm ocean touching more ice, which pushes the grip point back further, into deeper water again.","IDENTICAL to 24, one step further back",Identical move to 24,Hard cut. The repeat is the argument.
26,4:10,4:20,10,GFX,DaVinci Fusion,"That is a feedback loop. A system that, once it truly starts, helps itself along without needing any more push.",Circular loop diagram: retreat > warm water > retreat,"Static, loop draws on",Hard cut
27,4:20,4:30,10,GFX,DaVinci Fusion,"And I want to be straight with you, because this part gets exaggerated constantly. We do not know Thwaites has crossed that line.",Two-column type: 'What we know' / 'What we don't',"Static, calm, no movement",Hard cut - stillness signals honesty
28,4:30,4:40,10,GFX,DaVinci Fusion,Scientists genuinely disagree on how close it is. Some models say centuries. Anyone giving you a firm date is selling something.,Divergent projection curves fanning into a wide uncertainty cone,Slow push-in as cone widens,Hard cut
29,4:40,4:50,10,GFX,DaVinci + NASA,"Thwaites alone holds enough ice to raise global sea level by half a metre. It also acts as a cork, holding back far more.","Thwaites highlighted, then wider West Antarctic sheet lights up behind",Slow zoom out,Hard cut
30,4:50,5:00,10,VID,Kling/Hailuo free,We built a robot to discover our own planet wasn't shaped the way we thought. What would you send a camera into? Subscribe.,"Looking up a narrow ice shaft at a distant circle of daylight, lamps receding",Camera falls slowly away from the light,Fade to black over final 2s
